<PAMDataset>
  <PAMRasterBand band="1">
    <Description>Coastal Blue</Description>
    <Histograms>
      <HistItem>
        <HistMin>234.5038461538462</HistMin>
        <HistMax>364.4961538461538</HistMax>
        <BucketCount>130</BucketCount>
        <IncludeOutOfRange>0</IncludeOutOfRange>
        <Approximate>0</Approximate>
        <HistCounts>1|0|0|0|0|0|0|0|0|0|2|0|1|2|0|0|4|0|1|0|0|0|0|0|1|0|2|1|1|0|0|0|2|2|0|1|2|2|2|10|3|3|8|12|9|24|9|15|12|9|11|5|17|22|11|15|20|11|26|13|20|14|11|11|17|9|10|7|5|3|11|6|2|3|4|2|2|5|3|8|4|0|1|3|0|0|6|2|1|0|1|0|0|3|0|1|0|0|3|1|3|2|5|0|2|2|2|0|3|4|1|1|0|0|1|1|0|0|0|0|0|0|0|1|0|0|0|0|0|1</HistCounts>
      </HistItem>
    </Histograms>
    <Metadata>
      <MDI key="STATISTICS_MAXIMUM">364</MDI>
      <MDI key="STATISTICS_MEAN">294.254</MDI>
      <MDI key="STATISTICS_MINIMUM">235</MDI>
      <MDI key="STATISTICS_STDDEV">18.32390471488</MDI>
      <MDI key="STATISTICS_VALID_PERCENT">100</MDI>
    </Metadata>
  </PAMRasterBand>
  <PAMRasterBand band="2">
    <Description>Blue</Description>
    <Histograms>
      <HistItem>
        <HistMin>234.5025773195876</HistMin>
        <HistMax>428.4974226804124</HistMax>
        <BucketCount>194</BucketCount>
        <IncludeOutOfRange>0</IncludeOutOfRange>
        <Approximate>0</Approximate>
        <HistCounts>1|0|0|1|0|0|0|0|2|0|1|0|0|2|0|0|0|0|0|0|0|0|3|1|2|1|0|0|0|2|0|0|0|0|0|0|1|0|1|0|0|1|0|1|0|1|0|6|2|2|1|2|3|4|4|3|10|8|10|3|3|15|13|9|12|15|10|10|12|12|6|15|14|9|15|11|9|7|11|16|7|16|11|5|11|12|8|4|3|4|6|1|4|0|3|9|3|0|1|3|11|1|3|6|0|0|3|0|1|2|0|1|9|1|3|0|0|0|0|0|3|0|0|0|0|0|0|0|3|3|0|1|0|1|0|0|0|0|4|2|3|0|1|0|2|0|0|0|1|0|2|0|0|0|0|2|1|0|0|0|1|1|1|0|4|4|0|1|0|0|0|0|3|0|0|0|0|0|0|0|0|0|0|0|0|0|0|0|0|0|0|0|0|1</HistCounts>
      </HistItem>
    </Histograms>
    <Metadata>
      <MDI key="STATISTICS_MAXIMUM">428</MDI>
      <MDI key="STATISTICS_MEAN">314.684</MDI>
      <MDI key="STATISTICS_MINIMUM">235</MDI>
      <MDI key="STATISTICS_STDDEV">28.289081710087</MDI>
      <MDI key="STATISTICS_VALID_PERCENT">100</MDI>
    </Metadata>
  </PAMRasterBand>
  <PAMRasterBand band="3">
    <Description>Green</Description>
    <Histograms>
      <HistItem>
        <HistMin>342.5018450184502</HistMin>
        <HistMax>613.4981549815498</HistMax>
        <BucketCount>271</BucketCount>
        <IncludeOutOfRange>0</IncludeOutOfRange>
        <Approximate>0</Approximate>
        <HistCounts>1|2|0|0|0|0|0|0|2|1|0|1|0|0|0|0|0|0|0|0|0|0|0|0|1|0|0|0|0|0|0|2|0|1|1|0|0|1|3|0|0|0|1|0|0|1|0|0|0|1|0|0|2|1|0|0|2|1|1|1|2|1|1|1|3|2|5|0|5|2|2|2|7|8|8|10|7|10|8|14|9|7|6|14|15|3|14|9|10|10|9|7|10|5|5|11|11|5|10|8|17|5|15|8|4|2|3|2|4|1|5|2|6|0|2|4|2|3|8|3|3|3|4|5|0|1|0|0|0|6|2|2|0|1|3|0|0|0|3|2|2|2|1|1|2|4|2|0|1|0|0|0|3|0|0|0|0|0|0|3|0|0|0|0|0|1|1|0|0|0|0|0|0|1|0|0|0|0|1|0|0|0|3|0|0|0|2|2|0|0|3|1|0|2|0|2|0|0|0|0|0|0|0|1|4|0|0|2|0|0|0|0|0|0|0|0|0|2|0|0|0|0|1|0|0|0|0|0|0|0|0|2|0|3|0|0|0|0|0|1|4|2|1|0|0|0|0|2|0|0|0|0|0|0|0|0|0|0|0|0|0|0|0|0|0|0|0|0|0|0|1</HistCounts>
      </HistItem>
    </Histograms>
    <Metadata>
      <MDI key="STATISTICS_MAXIMUM">613</MDI>
      <MDI key="STATISTICS_MEAN">445.516</MDI>
      <MDI key="STATISTICS_MINIMUM">343</MDI>
      <MDI key="STATISTICS_STDDEV">41.998877889772</MDI>
      <MDI key="STATISTICS_VALID_PERCENT">100</MDI>
    </Metadata>
  </PAMRasterBand>
  <PAMRasterBand band="4">
    <Description>Yellow</Description>
    <Metadata>
      <MDI key="STATISTICS_MAXIMUM">696</MDI>
      <MDI key="STATISTICS_MEAN">493.25</MDI>
      <MDI key="STATISTICS_MINIMUM">355</MDI>
      <MDI key="STATISTICS_STDDEV">53.923088746844</MDI>
      <MDI key="STATISTICS_VALID_PERCENT">100</MDI>
    </Metadata>
  </PAMRasterBand>
  <PAMRasterBand band="5">
    <Description>Red</Description>
    <Histograms>
      <HistItem>
        <HistMin>226.5021186440678</HistMin>
        <HistMax>462.4978813559322</HistMax>
        <BucketCount>236</BucketCount>
        <IncludeOutOfRange>0</IncludeOutOfRange>
        <Approximate>0</Approximate>
        <HistCounts>1|0|0|0|0|0|0|0|0|0|0|0|0|0|0|0|0|0|0|0|5|0|1|0|0|2|0|0|0|0|1|1|2|0|0|0|0|0|0|1|0|0|0|0|0|0|0|0|1|0|0|0|0|0|0|1|1|0|1|1|1|2|0|2|1|2|0|1|0|5|4|1|2|7|1|1|4|6|5|6|3|4|11|12|7|8|8|15|10|7|8|9|19|13|8|2|8|12|10|10|10|5|5|16|3|8|12|8|10|10|11|7|5|1|6|8|0|4|4|4|5|5|4|2|0|2|4|2|0|1|2|6|0|4|0|3|1|1|4|0|3|3|0|3|0|0|0|2|0|0|0|0|2|0|0|0|0|0|0|3|0|0|0|0|0|0|0|4|1|1|0|0|0|1|0|0|0|5|0|0|0|3|0|1|0|2|1|0|0|0|0|0|0|1|0|1|4|0|0|1|0|0|0|0|2|2|0|0|0|0|0|0|0|0|0|0|1|0|1|2|0|0|1|0|0|0|1|0|0|0|0|0|0|3|5|3</HistCounts>
      </HistItem>
    </Histograms>
    <Metadata>
      <MDI key="STATISTICS_MAXIMUM">462</MDI>
      <MDI key="STATISTICS_MEAN">333.658</MDI>
      <MDI key="STATISTICS_MINIMUM">227</MDI>
      <MDI key="STATISTICS_STDDEV">37.995697598544</MDI>
      <MDI key="STATISTICS_VALID_PERCENT">100</MDI>
    </Metadata>
  </PAMRasterBand>
  <PAMRasterBand band="6">
    <Description>Red edge</Description>
    <Metadata>
      <MDI key="STATISTICS_MAXIMUM">686</MDI>
      <MDI key="STATISTICS_MEAN">519.664</MDI>
      <MDI key="STATISTICS_MINIMUM">407</MDI>
      <MDI key="STATISTICS_STDDEV">48.591142238066</MDI>
      <MDI key="STATISTICS_VALID_PERCENT">100</MDI>
    </Metadata>
  </PAMRasterBand>
  <PAMRasterBand band="7">
    <Description>Near-IR1</Description>
    <Metadata>
      <MDI key="STATISTICS_MAXIMUM">674</MDI>
      <MDI key="STATISTICS_MEAN">474.902</MDI>
      <MDI key="STATISTICS_MINIMUM">328</MDI>
      <MDI key="STATISTICS_STDDEV">56.842170929689</MDI>
      <MDI key="STATISTICS_VALID_PERCENT">100</MDI>
    </Metadata>
  </PAMRasterBand>
  <PAMRasterBand band="8">
    <Description>Near-IR2</Description>
    <Metadata>
      <MDI key="STATISTICS_MAXIMUM">684</MDI>
      <MDI key="STATISTICS_MEAN">466.316</MDI>
      <MDI key="STATISTICS_MINIMUM">323</MDI>
      <MDI key="STATISTICS_STDDEV">63.774196537471</MDI>
      <MDI key="STATISTICS_VALID_PERCENT">100</MDI>
    </Metadata>
  </PAMRasterBand>
</PAMDataset>
